job_title,company,location,date_posted,salary_from,salary_to,employment_type,source,preferred_skills
Data Scientist Consultant – Mid Level – Environmental Management Digital Solutions (Hybrid/Remote),Barr Engineering,"Minneapolis, MN, US",2025-03-21,70000,95000,fulltime,indeed,"ai,sql,python,communication,database,modeling"
Staff Machine Learning Engineer,ServiceNow,"Santa Clara, CA, US",2025-03-21,173100,303000,fulltime,indeed,"ai,python,communication"
E-commerce Data & Integrations Manager,Ammunition Depot,"Boca Raton, FL, US",2025-03-21,50000,105000,fulltime,indeed,"ai,database"
Sr. Data Analyst,"A.M. Best Company, Inc.","Oldwick, NJ, US",2025-03-21,61557,74238,fulltime,indeed,communication
Data Scientist with LLM only W2,Procorp Systems Inc,"Charlotte, NC, US",2025-03-21,130000,136000,contract,indeed,"ai,python"
Data Scientist,Blue Cross and Blue Shield of North Carolina,"NC, US",2025-03-21,96800,154600,fulltime,indeed,"modeling,python,sql"
Sr. Data Scientist,"CMM Validation & Engineering Solutions, LLC.","Juncos, PR, US",2025-03-21,112000,116000,"fulltime, contract",indeed,communication
SAP iXp Intern - Software/ML Engineer,SAP,"San Ramon, CA, US",2025-03-21,69337,87796,"fulltime, internship",indeed,"ai,python,database"
SAP iXp Intern - AI / ML Developer,SAP,"Palo Alto, CA, US",2025-03-21,65317,82706,"fulltime, internship",indeed,"ai,python,database"
DATA / AI ENGINEER,ZAP Solutions,"Pittsburgh, PA, US",2025-03-21,82998,105094,fulltime,indeed,"ai,python,sql,database"
Manager of Data Science and Data Engineering,CLEARCO,"Remote, US",2025-03-21,146090,184983,fulltime,indeed,"communication,modeling"
Data Scientist,KesarWeb,"Interlachen, FL, US",2025-03-21,70000,75000,fulltime,indeed,"communication,python,ai,sql,modeling"
"Senior Data Scientist, Google Play",Youtube,"Mountain View, CA, US",2025-03-21,156000,229000,fulltime,indeed,"python,sql"
"Intern, AI Applications Development","iconectiv, LLC.","Bridgewater, NJ, US",2025-03-21,50647,64131,"parttime, internship",indeed,"ai,python,communication"
"Intern, Data Management & AI Readiness","iconectiv, LLC.","Bridgewater, NJ, US",2025-03-21,48602,61541,"parttime, internship",indeed,"ai,database,sql,communication"
Machine Learning Signal Processing Engineer,DeepSig Inc,"Arlington, VA, US",2025-03-21,142888,180928,fulltime,indeed,"ai,communication,python"
Data Science AI/ML Summer Intern Computation Vision – Microscopy,Johnson & Johnson,"San Diego, CA, US",2025-03-21,44000,102000,fulltime,indeed,"ai,communication,python"
"Vice President, R&D Data Science & Digital Health - Data Platform Solutions & Strategy",Johnson & Johnson,"Titusville, NJ, US",2025-03-21,177793,225126,fulltime,indeed,"modeling,ai"
Senior Data Analyst - Hybrid,Northwestern Mutual,"Milwaukee, WI, US",2025-03-21,76650,142350,fulltime,indeed,sql
Senior Data Analyst,Relevate Health,"Cincinnati, OH, US",2025-03-21,86306,109283,fulltime,indeed,"communication,sql,python"
AI SW Architect,Intel Corporation,"Hillsboro, OR, US",2025-03-20,149750,211420,fulltime,indeed,"ai,python"
Data Science Intern,Trane Technologies,"Davidson, NC, US",2025-03-13,42315,60254,internship,indeed,"python,sql"
Senior Pricing and Data Analyst,Lakefield Veterinary Group,"Kent, WA, US",2025-03-11,140000,160000,fulltime,indeed,"modeling,communication"
